City_ID,City,Lat,Lng,Max Temp,Humidity,Cloudiness,Wind Speed,Country,Date
0,nar'yan-mar,67.6713,53.087,-7.65,97,97,1.77,RU,1739330251
1,west island,-12.1568,96.8225,28.99,84,75,7.72,CC,1739330471
2,cockburn town,21.4612,-71.1419,25.33,80,5,9.95,TC,1739330472
3,kabalo,-6.05,26.9167,20.78,97,100,0.69,CD,1739330473
4,bethel,41.3712,-73.414,-0.55,70,100,0.45,US,1739330442
5,hermanus,-34.4187,19.2345,19.33,84,0,4.66,ZA,1739330475
6,chifeng,42.2683,118.9636,-5.49,32,0,7.32,CN,1739330476
7,adamstown,-25.066,-130.1015,25.76,72,86,0.37,PN,1739330477
8,caleta de carquin,-11.0925,-77.6267,23.57,80,100,1.88,PE,1739330478
9,borkum,53.5809,6.6915,1.15,97,100,8.72,DE,1739330211
10,menaka,15.9182,2.4022,24.59,18,11,5.74,ML,1739330480
11,lospalos,-8.5186,127.0025,26.56,75,100,7.36,TL,1739330482
12,papatowai,-46.5619,169.4708,16.04,68,11,4.24,NZ,1739330483
13,mo i rana,66.3128,14.1428,1.26,91,95,2.24,NO,1739330484
14,al jawf,29.5,38.75,6.8,54,0,1.89,SA,1739330485
15,edinburgh of the seven seas,-37.0676,-12.3116,14.61,57,22,2.77,SH,1739330486
16,whitehorse,60.7161,-135.0538,-22.57,77,0,1.03,CA,1739330487
17,puerto natales,-51.7236,-72.4875,8.57,84,100,5.43,CL,1739330488
18,kodiak,57.79,-152.4072,3.73,93,100,7.72,US,1739330489
19,port-aux-francais,-49.35,70.2167,6.34,82,100,8.81,TF,1739330490
20,stanley,54.868,-1.6985,3.07,88,100,5.66,GB,1739330491
21,longyearbyen,78.2186,15.6401,-8.09,62,40,8.23,SJ,1739330493
22,lebu,-37.6167,-73.65,13.85,78,0,9.29,CL,1739330218
23,bonthe,7.5264,-12.505,24.26,89,9,1.71,SL,1739330496
24,kenai,60.5544,-151.2583,-2.95,75,0,2.57,US,1739330497
25,byron bay,-28.65,153.6167,27.23,69,36,4.8,AU,1739330498
26,cova figueira,14.8905,-24.2934,14.81,73,99,6.42,CV,1739330500
27,beaufort west,-32.3567,22.583,21.15,35,0,2.48,ZA,1739330501
28,waitangi,-43.9535,-176.5597,16.01,82,100,2.24,NZ,1739330503
29,grytviken,-54.2811,-36.5092,3.7,97,100,6.25,GS,1739330504
30,leh,34.1667,77.5833,-19.71,100,100,0.79,IN,1739330505
31,prince george,53.9166,-122.753,-13.31,78,100,0.0,CA,1739330506
32,aasiaat,68.7098,-52.8699,3.06,61,100,7.92,GL,1739330507
33,kavaratti,10.5669,72.642,27.89,68,88,3.58,IN,1739330352
34,mersing,2.4312,103.8405,28.95,74,40,2.57,MY,1739330509
35,ilulissat,69.2167,-51.1,7.01,39,100,11.83,GL,1739330510
36,taco pozo,-25.6167,-63.2833,32.61,30,29,4.78,AR,1739330307
37,bramming,55.4695,8.7001,0.08,86,75,8.75,DK,1739330512
38,zabaykal'sk,49.6333,117.3167,-18.43,93,17,4.06,RU,1739330513
39,puerto ayora,-0.7393,-90.3518,23.64,100,51,1.34,EC,1739330515
40,tiksi,71.6872,128.8694,-28.52,99,100,1.93,RU,1739330516
41,chonchi,-42.6128,-73.8092,8.95,97,11,1.56,CL,1739330517
42,hammerfest,70.6634,23.6821,0.25,64,100,6.17,NO,1739330518
43,remire-montjoly,4.9167,-52.2667,24.02,94,75,3.6,GF,1739330519
44,inyonga,-6.7167,32.0667,17.34,96,73,1.66,TZ,1739330520
45,albany,42.6001,-73.9662,-5.2,79,100,1.25,US,1739330423
46,genhe,50.7833,121.5167,-17.12,88,99,1.86,CN,1739330522
47,dudinka,69.4058,86.1778,-28.32,100,98,0.46,RU,1739330523
48,porto novo,6.4965,2.6036,27.9,89,90,2.79,BJ,1739330524
49,thompson,55.7435,-97.8558,-28.91,76,20,2.57,CA,1739330525
50,arraial do cabo,-22.9661,-42.0278,24.07,89,100,9.72,BR,1739330526
51,mitchell,43.7094,-98.0298,-19.01,71,100,0.0,US,1739330231
52,morondava,-20.2833,44.2833,27.07,79,55,0.25,MG,1739330529
53,talnakh,69.4865,88.3972,-26.71,97,88,0.65,RU,1739330489
54,zouerate,22.7187,-12.4521,17.72,12,100,3.69,MR,1739330473
55,ushuaia,-54.8,-68.3,4.81,87,100,4.12,AR,1739330445
56,kununurra,-15.7667,128.7333,32.99,66,40,5.14,AU,1739330533
57,san rafael,-34.6177,-68.3301,21.22,18,0,2.41,AR,1739330534
58,nosy varika,-20.5833,48.5333,25.64,90,100,1.22,MG,1739330535
59,hadibu,12.65,54.0333,23.15,81,43,4.54,YE,1739330536
60,atafu village,-8.5421,-172.5159,28.35,67,80,6.72,TK,1739330538
61,qaqortoq,60.7167,-46.0333,0.35,87,100,5.05,GL,1739330540
62,st. john's,47.5649,-52.7093,-10.02,72,100,10.8,CA,1739330268
63,college,64.8569,-147.8028,-15.52,82,20,2.06,US,1739330542
64,xai-xai,-25.0519,33.6442,24.03,84,100,5.03,MZ,1739330543
65,lata,40.1629,-8.3327,7.37,98,96,0.93,PT,1739330544
66,flying fish cove,-10.4217,105.6791,28.82,78,75,3.6,CX,1739330546
67,afaahiti,-17.75,-149.2833,26.75,71,76,1.63,PF,1739330548
68,jumla,29.2747,82.1838,3.64,23,0,0.27,NP,1739330549
69,isafjordur,66.0755,-23.124,0.18,93,100,2.54,IS,1739330551
70,blackmans bay,-43.0167,147.3167,29.29,53,0,1.79,AU,1739330552
71,uturoa,-16.7333,-151.4333,28.08,68,97,2.23,PF,1739330555
72,nemuro,43.3236,145.575,-0.29,64,74,7.03,JP,1739330556
73,ribeira grande,38.5167,-28.7,15.99,96,100,2.68,PT,1739330557
74,guerrero negro,27.9769,-114.0611,13.67,66,81,8.05,MX,1739330545
75,sovetskiy,61.3614,63.5842,-4.9,84,85,5.75,RU,1739330560
76,invercargill,-46.4,168.35,19.45,68,20,1.79,NZ,1739330561
77,bilibino,68.0546,166.4372,-5.33,86,100,3.37,RU,1739330562
78,tazovsky,67.4667,78.7,-16.93,97,100,2.55,RU,1739330563
79,la passe,45.5549,-0.8967,8.78,93,71,4.69,FR,1739330564
80,robore,-18.3333,-59.75,21.72,96,0,1.65,BO,1739330565
81,susuman,62.7833,148.1667,-24.17,82,100,2.91,RU,1739330566
82,matias romero,16.8833,-95.0333,22.11,85,0,2.22,MX,1739330568
83,sandnessjoen,66.0217,12.6316,3.56,78,100,9.49,NO,1739330569
84,georgetown,5.4112,100.3354,29.97,62,20,2.57,MY,1739330470
85,kirakira,-10.4544,161.9205,29.06,77,100,3.41,SB,1739330571
86,fort st. john,56.2499,-120.8529,-12.06,79,100,1.03,CA,1739330572
87,port blair,11.6667,92.75,28.02,69,40,3.09,IN,1739330573
88,san antonio de pale,-1.4014,5.6325,27.73,78,100,5.1,GQ,1739330575
89,tuy hoa,13.0833,109.3,23.84,85,100,1.58,VN,1739330576
90,kalaleh,37.3807,55.4916,-0.22,93,0,0.0,IR,1739330580
91,margate,51.3813,1.3862,3.72,88,100,4.22,GB,1739330581
92,aswan,24.0934,32.907,12.08,43,97,5.77,EG,1739330582
93,yellowknife,62.456,-114.3525,-28.58,76,0,2.57,CA,1739330583
94,port mathurin,-19.6833,63.4167,27.56,77,43,2.98,MU,1739330584
95,ust-nera,64.5667,143.2,-21.13,95,100,3.27,RU,1739330585
96,hagenow,53.4333,11.1833,-2.57,65,10,5.21,DE,1739330586
97,vilyuysk,63.7553,121.6247,-21.18,100,99,0.29,RU,1739330587
98,saguenay,48.4168,-71.0657,-14.54,78,75,5.14,CA,1739330588
99,tafuna,-14.3358,-170.72,31.97,66,40,3.6,AS,1739330589
100,iqaluit,63.7506,-68.5145,-29.06,68,100,11.83,CA,1739330591
101,la romana,18.4273,-68.9728,22.2,94,75,0.0,DO,1739330592
102,frankfort,-27.2667,28.4833,13.34,98,34,2.71,ZA,1739330593
103,boa vista,2.8197,-60.6733,26.99,65,40,5.14,BR,1739330306
104,kudahuvadhoo,2.6708,72.8944,27.06,80,100,5.79,MV,1739330595
105,ceeldheer,3.8488,47.1806,23.32,83,98,6.56,SO,1739330596
106,neelankarai,12.9455,80.2575,26.28,83,20,1.54,IN,1739330597
107,simanggang,1.2472,111.4528,28.99,79,40,1.03,MY,1739330598
108,pacific grove,36.6177,-121.9166,10.37,82,100,1.79,US,1739330599
109,lionel town,17.8101,-77.2406,24.66,81,100,4.13,JM,1739330600
110,yelizovo,53.1873,158.3805,-3.92,39,0,10.0,RU,1739330602
111,port alfred,-33.5906,26.891,19.28,85,2,8.0,ZA,1739330603
112,perechyn,48.7333,22.4667,-1.01,56,0,1.31,UA,1739330604
113,bredasdorp,-34.5322,20.0403,17.06,92,0,2.38,ZA,1739330605
114,port lincoln,-34.7333,135.8667,32.94,37,73,6.24,AU,1739330606
115,wailua homesteads,22.0669,-159.378,24.44,84,0,3.09,US,1739330607
116,udachny,66.4167,112.4,-24.98,100,100,2.4,RU,1739330608
117,tshikapa,-6.4167,20.8,21.72,90,100,1.19,CD,1739330609
118,olonkinbyen,70.9221,-8.7187,-5.29,58,32,1.71,SJ,1739330610
119,yeppoon,-23.1333,150.7333,28.03,71,0,5.99,AU,1739330611
120,salahonda,2.1019,-78.7217,25.41,83,99,2.11,CO,1739330612
121,hawaiian paradise park,19.5933,-154.9731,25.73,77,20,3.09,US,1739330613
122,gadzhiyevo,69.2551,33.3362,-0.5,74,86,12.79,RU,1739330615
123,uvira,-3.4067,29.1458,22.55,84,100,0.83,CD,1739330616
124,dzhambeyty,50.2536,52.595,-13.02,90,18,2.74,KZ,1739330617
125,chernyshevskiy,63.0128,112.4714,-19.53,100,100,1.78,RU,1739330618
126,choele choel,-39.2667,-65.6833,20.02,19,0,6.31,AR,1739330619
127,codrington,-38.2667,141.9667,32.43,32,17,6.06,AU,1739330620
128,gunupur,19.0833,83.8167,25.74,55,15,0.9,IN,1739330621
129,ca mau,9.1769,105.15,32.51,45,75,2.42,VN,1739330622
130,batken,39.8333,71.0,-9.22,55,20,3.37,KG,1739330623
131,g'azalkent,41.5581,69.7708,0.94,95,100,0.81,UZ,1739330625
132,margaret river,-33.95,115.0667,18.1,61,84,7.3,AU,1739330626
133,hamilton,39.1834,-84.5333,-0.06,92,100,6.69,US,1739330565
134,macapa,0.0389,-51.0664,25.99,94,40,2.57,BR,1739330467
135,kamaishi,39.2667,141.8833,3.92,53,100,3.97,JP,1739330477
136,shubarshi,48.5872,57.1869,-8.83,96,99,2.02,KZ,1739330631
137,nishinoomote,30.7333,131.0,16.31,88,75,6.69,JP,1739330632
138,al hudaydah,14.7978,42.9545,23.36,86,5,4.84,YE,1739330633
139,mooroopna,-36.4,145.35,34.2,23,0,3.84,AU,1739330635
140,dausa,26.8833,76.3333,17.9,35,4,1.95,IN,1739330636
141,severo-yeniseyskiy,60.3725,93.0408,-10.9,91,100,5.83,RU,1739330637
142,dakhla,23.6848,-15.958,16.48,74,0,9.42,EH,1739330638
143,hanzhong,33.0728,107.0303,7.55,20,100,1.46,CN,1739330498
144,souillac,-20.5167,57.5167,25.21,94,20,1.54,MU,1739330640
145,suva,-18.1416,178.4415,30.71,70,40,3.6,FJ,1739330461
146,nogliki,51.8333,143.1667,-9.19,79,87,6.49,RU,1739330534
147,nongstoin,25.5167,91.2667,15.85,34,0,3.52,IN,1739330643
148,sorochinsk,52.4338,53.1583,-18.62,100,40,1.53,RU,1739330645
149,viana do castelo,41.6932,-8.8329,11.52,85,86,4.15,PT,1739330646
150,az zuwaytinah,30.9522,20.1202,12.64,58,1,4.43,LY,1739330647
151,tralee,52.2704,-9.7026,6.04,90,100,5.73,IE,1739330648
152,kushiro,42.975,144.3747,0.53,64,75,8.23,JP,1739330649
153,iskateley,67.6803,53.1512,-7.38,96,98,1.82,RU,1739330650
154,semey,50.4111,80.2275,-11.88,79,0,3.0,KZ,1739330651
155,howrah,22.5892,88.3103,23.0,83,40,0.0,IN,1739330652
156,nizao,18.25,-70.2,23.49,78,43,5.94,DO,1739330653
157,la gi,10.6667,107.7833,28.29,67,100,2.39,VN,1739330654
158,salalah,17.0151,54.0924,23.05,78,75,1.54,OM,1739330657
159,dwarka,22.2394,68.9678,21.62,78,0,4.45,IN,1739330658
160,vadso,70.0744,29.7487,-1.91,86,37,13.89,NO,1739330659
161,new norfolk,-42.7826,147.0587,29.95,32,5,1.61,AU,1739330617
162,klaksvik,62.2266,-6.589,6.37,73,6,8.72,FO,1739330661
163,gerash,27.6652,54.1371,12.08,47,100,1.04,IR,1739330662
164,rudbar,30.15,62.6,9.56,35,29,1.53,AF,1739330663
165,carnarvon,-24.8667,113.6333,24.91,37,98,12.35,AU,1739330664
166,franeker,53.1855,5.5412,1.1,95,100,4.12,NL,1739330665
167,tolanaro,-25.0319,46.9987,26.04,94,40,2.06,MG,1739330666
168,burang,30.25,81.1667,-14.51,81,32,2.04,CN,1739330667
169,amahai,-3.3333,128.9167,30.13,64,100,3.2,ID,1739330669
170,kosigi,15.85,77.2667,24.69,38,8,0.9,IN,1739330670
171,les cayes,18.2,-73.75,24.38,75,52,2.51,HT,1739330398
172,vilyuchinsk,52.9306,158.4028,-3.85,67,96,9.59,RU,1739330673
173,sena madureira,-9.0656,-68.6569,21.94,100,100,1.09,BR,1739330674
174,chai nat,15.1167,100.1,33.35,29,85,1.37,TH,1739330675
175,naze,28.3667,129.4833,17.51,71,100,7.48,JP,1739330674
176,brownwood,31.7093,-98.9912,5.0,100,100,4.12,US,1739330670
177,avarua,-21.2078,-159.775,30.03,84,75,6.17,CK,1739330679
178,santo antonio do ica,-3.1022,-67.9397,22.86,99,100,0.25,BR,1739330680
179,scarborough,54.2797,-0.4044,4.91,74,100,2.24,GB,1739330661
180,erdenet,49.0333,104.0833,-12.44,69,69,2.41,MN,1739330682
181,sao joao da barra,-21.6403,-41.0511,24.78,90,89,4.88,BR,1739330683
182,bom jesus do itabapoana,-21.1339,-41.6797,21.81,96,99,0.84,BR,1739330551
183,ancud,-41.8697,-73.8203,9.72,84,7,2.28,CL,1739330679
184,bouarfa,32.53,-1.95,6.66,53,99,1.91,MA,1739330686
185,queenstown,-31.8976,26.8753,12.32,89,8,1.18,ZA,1739330687
186,sao miguel do araguaia,-13.275,-50.1628,21.02,96,100,2.76,BR,1739330688
187,nova vicosa,-17.8919,-39.3719,24.8,87,62,2.05,BR,1739330689
188,san patricio,28.017,-97.5169,21.97,85,100,5.6,US,1739330691
189,naracoorte,-36.9579,140.7383,38.28,13,15,3.73,AU,1739330692
190,juneau,58.3019,-134.4197,-6.44,86,0,2.06,US,1739330693
191,praia,14.9215,-23.5087,20.3,73,20,5.66,CV,1739330695
192,utrik,11.2278,169.8474,26.76,74,61,4.73,MH,1739330696
193,kangding,30.0513,101.9603,1.03,74,94,2.77,CN,1739330697
194,coquimbo,-29.9533,-71.3436,16.85,94,40,2.57,CL,1739330448
195,la'ie,21.6477,-157.9253,25.98,75,35,1.79,US,1739330699
196,saipan,15.1355,145.701,31.39,67,40,8.75,MP,1739330702
197,tremonton,41.7119,-112.1655,-6.19,62,75,4.92,US,1739330703
198,usinsk,65.9939,57.5281,-8.62,96,96,3.74,RU,1739330704
199,akita,39.7167,140.1167,2.52,60,75,2.06,JP,1739330705
200,mount isa,-20.7333,139.5,37.87,32,100,2.06,AU,1739330706
201,vorgashor,67.5833,63.95,-12.53,91,95,6.08,RU,1739330707
202,ghanzi,-21.5667,21.7833,20.37,92,100,3.01,BW,1739330708
203,lompoc,34.6391,-120.4579,10.94,76,100,6.17,US,1739330709
204,tazacorte,28.629,-17.9293,17.54,72,75,5.14,ES,1739330711
205,creswell,43.9179,-123.0245,-0.35,72,1,1.05,US,1739330712
206,kidal,18.4411,1.4078,22.31,17,19,4.96,ML,1739330713
207,mont-laurier,46.5501,-75.4993,-27.45,99,12,0.96,CA,1739330714
208,petropavlovsk-kamchatsky,53.0452,158.6483,-4.67,39,0,10.0,RU,1739330715
209,mahdia,35.5047,11.0622,12.23,84,97,4.45,TN,1739330716
210,kolokani,13.5728,-8.0339,25.4,19,49,3.57,ML,1739330717
211,todos santos,23.45,-110.2167,16.36,85,54,4.17,MX,1739330718
212,moranbah,-22.0016,148.0466,31.66,50,1,7.58,AU,1739330719
213,puerto rico,-26.796,-55.024,24.86,62,62,1.29,AR,1739330720
214,bikenibeu village,1.3673,173.1241,26.98,89,100,3.6,KI,1739330722
215,bansud,12.865,121.4564,26.29,87,100,3.51,PH,1739330723
216,port saint john's,-31.6229,29.5448,20.03,89,60,3.92,ZA,1739330724
217,novyy turtkul',41.55,61.0167,-0.54,91,100,6.62,UZ,1739330725
218,ulladulla,-35.35,150.4667,23.76,69,22,3.71,AU,1739330726
219,sabang,5.8933,95.3214,27.58,71,36,7.06,ID,1739330727
220,okhotsk,59.3833,143.3,-13.87,78,100,5.71,RU,1739330728
221,vicosa,-20.7539,-42.8819,20.2,89,100,1.08,BR,1739330729
222,wenshui,28.4506,106.5267,3.68,94,100,1.18,CN,1739330730
223,wellington,-41.2866,174.7756,18.81,59,0,6.17,NZ,1739330731
224,kuanda,56.3161,116.0806,-25.16,96,89,0.34,RU,1739330732
225,whakatane,-37.9585,176.9854,24.73,60,0,2.68,NZ,1739330734
226,manta,-0.95,-80.7333,25.88,89,75,1.54,EC,1739330657
227,polyarnyy,69.1989,33.4478,-1.03,78,82,12.71,RU,1739330736
228,petropavlovka,50.6114,105.3196,-15.39,80,99,1.71,RU,1739330737
229,thunder bay,48.4001,-89.3168,-23.01,70,0,3.09,CA,1739330458
230,orcopampa,-15.2661,-72.3417,8.25,88,100,2.09,PE,1739330590
231,mata-utu,-13.2816,-176.1745,28.94,72,97,2.94,WF,1739330740
232,forio,40.7342,13.8646,13.23,63,100,3.05,IT,1739330741
233,cidreira,-30.1811,-50.2056,28.32,58,100,3.94,BR,1739330742
234,gunnedah,-30.9833,150.25,29.82,47,15,2.04,AU,1739330743
235,okakarara,-20.5833,17.4333,20.38,84,99,2.14,NA,1739330474
236,kashmar,35.2383,58.4656,0.79,55,0,0.43,IR,1739330746
237,krasnyy chikoy,50.3643,108.7512,-17.75,88,55,1.1,RU,1739330747
238,mount pearl,47.5166,-52.7813,-10.48,78,100,10.8,CA,1739330748
239,labrador city,52.9463,-66.9114,-26.05,76,40,2.06,CA,1739330749
240,heishan,41.6892,122.1128,-2.01,27,0,6.01,CN,1739330750
241,enewetak,11.3474,162.3373,26.34,70,61,5.96,MH,1739330751
242,constantia,44.1833,28.65,-3.5,71,97,6.86,RO,1739330755
243,myskhako,44.6714,37.7433,-2.78,67,0,5.02,RU,1739330756
244,tabou,4.423,-7.3528,26.24,91,100,3.11,CI,1739330757
245,jamestown,42.097,-79.2353,-7.2,93,0,3.6,US,1739330758
246,general villegas,-35.0328,-63.0125,18.04,67,0,2.94,AR,1739330759
247,port elizabeth,-33.918,25.5701,17.4,96,0,1.34,ZA,1739330760
248,lihue,21.9789,-159.3672,24.77,73,0,3.09,US,1739330761
249,sonoita,31.85,-112.8333,12.56,30,1,2.68,MX,1739330762
250,cabo san lucas,22.8909,-109.9124,22.17,52,75,2.06,MX,1739330763
251,anadyr,64.75,177.4833,0.28,93,100,14.0,RU,1739330764
252,malax,62.9423,21.5731,-3.34,100,20,2.06,FI,1739330765
253,qianjiang,30.4151,112.8859,11.14,29,98,8.17,CN,1739330767
254,keflavik,64.0049,-22.5624,4.24,81,75,9.77,IS,1739330768
255,taunggyi,20.7833,97.0333,21.85,19,2,1.81,MM,1739330769
256,nuuk,64.1835,-51.7216,9.34,31,75,8.94,GL,1739330770
257,birjand,32.8663,59.2211,-1.74,74,40,3.09,IR,1739330772
258,katsuura,35.1333,140.3,12.25,70,96,6.67,JP,1739330774
259,prince rupert,54.3161,-130.3201,0.83,59,0,7.2,CA,1739330775
260,talakan,50.3167,130.3667,-15.16,87,100,3.09,RU,1739330776
261,charters towers,-20.1,146.2667,30.57,56,100,3.46,AU,1739330778
262,papao,-17.75,-149.55,29.82,72,87,2.6,PF,1739330779
263,bodaybo,57.8506,114.1933,-18.3,89,100,0.91,RU,1739330780
264,daru,-9.0763,143.2092,31.85,62,100,3.06,PG,1739330781
265,susanville,40.4163,-120.653,-5.09,75,0,0.6,US,1739330782
266,ketchikan,55.3422,-131.6461,-0.92,71,0,2.57,US,1739330783
267,uribia,11.7139,-72.266,25.85,63,100,6.92,CO,1739330784
268,acapulco de juarez,16.8634,-99.8901,26.9,78,75,3.6,MX,1739330785
269,dauphin,51.1494,-100.0502,-24.92,70,40,3.6,CA,1739330786
270,dadiya,9.6167,11.4333,22.22,22,32,2.07,NG,1739330789
271,kargopol',61.5071,38.9456,-2.8,89,94,5.18,RU,1739330790
272,haiku-pauwela,20.9219,-156.3051,24.56,78,58,5.81,US,1739330791
273,gonabad,34.3529,58.6837,0.94,59,1,0.99,IR,1739330792
274,yulinshi,38.2906,109.7494,-5.51,19,1,8.12,CN,1739330793
275,yei,4.095,30.6779,26.43,39,86,0.76,SS,1739330794
276,gardabani,41.4605,45.0928,-1.95,75,7,0.65,GE,1739330795
277,motueka,-41.1333,173.0167,23.39,63,25,4.11,NZ,1739330796
278,sona,45.4388,10.8255,7.14,95,75,0.51,IT,1739330797
279,la punta,-33.1837,-66.3127,19.61,60,2,8.71,AR,1739330798
280,namibe,-15.1961,12.1522,23.35,82,100,0.8,AO,1739330800
281,bamboo flat,11.7,92.7167,28.05,69,40,3.09,IN,1739330801
282,sho'rchi,38.0141,67.7899,3.15,79,100,0.06,UZ,1739330802
283,luderitz,-26.6481,15.1594,15.24,92,60,1.61,NA,1739330803
284,gogrial,8.5332,28.1004,25.24,20,41,2.8,SS,1739330804
285,buckeye,33.3703,-112.5838,15.75,34,40,4.63,US,1739330611
286,hasaki,35.7333,140.8333,9.62,54,99,5.2,JP,1739330806
287,punta arenas,-53.15,-70.9167,10.06,76,75,14.92,CL,1739330807
288,kuta,-8.7233,115.1723,26.97,94,75,7.72,ID,1739330808
289,sortavala,61.7053,30.6918,-3.68,91,12,4.22,RU,1739330809
290,vila franca do campo,37.7167,-25.4333,18.27,99,100,5.83,PT,1739330810
291,kourou,5.1552,-52.6478,24.09,94,100,4.24,GF,1739330813
292,fale old settlement,-9.3852,-171.2468,28.48,70,92,7.01,TK,1739330814
293,danjiangkou,32.5428,111.5086,7.78,25,100,6.86,CN,1739330815
294,banfora,10.6333,-4.7667,25.97,19,1,2.03,BF,1739330816
295,eirunepe,-6.6603,-69.8736,22.52,99,100,1.07,BR,1739330817
296,baise city,23.8997,106.6133,18.24,78,98,1.16,CN,1739330818
297,kavieng,-2.5744,150.7967,29.12,69,1,5.52,PG,1739330819
298,aykol,38.1751,77.2132,-2.39,39,100,2.65,CN,1739330821
299,lashio,22.9333,97.75,20.31,31,0,0.63,MM,1739330822
300,kapa'a,22.0752,-159.319,25.18,84,0,3.09,US,1739330634
301,tura,25.5198,90.2201,22.13,33,0,1.81,IN,1739330532
302,daura,11.5538,11.4085,18.98,21,0,4.38,NG,1739330826
303,matoury,4.8483,-52.3317,23.98,94,75,3.6,GF,1739330827
304,birzebbuga,35.8258,14.5269,10.38,100,20,0.51,MT,1739330828
305,chenaran,36.6455,59.1212,-2.01,56,0,2.43,IR,1739330830
306,shanyang,26.6702,119.2051,20.52,51,35,3.85,CN,1739330831
307,luba,3.4568,8.5547,27.16,87,100,3.33,GQ,1739330832
308,tingo maria,-9.2895,-76.0088,21.24,99,100,0.39,PE,1739330833
309,tsiombe,-25.3,45.4833,24.08,93,97,2.26,MG,1739330834
310,lubango,-14.9172,13.4925,16.22,96,100,0.1,AO,1739330835
311,dhuwaran,22.2333,72.8,21.32,55,1,2.37,IN,1739330836
312,viedma,-40.8135,-62.9967,14.18,37,13,3.43,AR,1739330837
313,antofagasta,-23.65,-70.4,22.6,84,54,0.81,CL,1739330694
314,kloulklubed,7.0419,134.2556,27.89,83,99,10.1,PW,1739330840
315,fisterra,42.9049,-9.2629,12.84,74,49,6.5,ES,1739330841
316,bamnet narong,15.4992,101.6897,27.08,51,60,2.1,TH,1739330842
317,gornopravdinsk,60.05,69.9,-7.01,93,100,5.43,RU,1739330843
318,klyuchi,52.2667,79.1667,-11.96,97,100,3.71,RU,1739330844
319,weno,7.4515,151.8468,30.97,79,75,5.14,FM,1739330845
320,upata,8.0086,-62.3989,21.19,85,41,2.54,VE,1739330688
321,moab,38.5733,-109.5498,3.67,30,99,1.34,US,1739330850
322,laguna,38.421,-121.4238,8.39,58,0,2.06,US,1739330851
323,neem ka thana,27.7333,75.8,16.95,33,0,2.03,IN,1739330852
324,pisco,-13.7,-76.2167,24.45,83,0,5.66,PE,1739330853
325,hafar al-batin,28.4328,45.9708,10.32,81,75,6.17,SA,1739330854
326,kampokpok,11.2962,124.405,26.33,81,100,3.48,PH,1739330855
327,malanje,-9.5402,16.341,16.92,95,100,1.32,AO,1739330856
328,mahina,-17.5065,-149.489,29.87,66,75,2.57,PF,1739330859
329,bako,5.7833,36.5667,19.63,49,99,2.0,ET,1739330860
330,brisas de zicatela,15.8369,-97.0419,26.03,79,0,3.36,MX,1739330861
331,mogok,22.9167,96.5,20.38,22,0,0.91,MM,1739330862
332,walvis bay,-22.9575,14.5053,17.88,86,100,1.29,NA,1739330863
333,crane,31.3974,-102.3501,13.41,69,99,8.47,US,1739330864
334,badger,64.8,-147.5333,-15.57,84,20,2.06,US,1739330865
335,post,33.1909,-101.3782,1.55,76,35,4.19,US,1739330866
336,riyadh,24.6877,46.7219,15.92,54,100,6.38,SA,1739330708
337,pastores,14.5967,-90.7547,19.39,96,67,1.03,GT,1739330870
338,khandud,36.9513,72.318,-8.88,95,100,2.22,AF,1739330871
339,howard springs,-12.497,131.047,32.21,83,98,2.97,AU,1739330872
340,al khafji,28.4391,48.4913,17.24,80,100,3.65,SA,1739330873
341,khanty-mansiysk,61.0042,69.0019,-4.94,80,75,7.0,RU,1739330874
342,borger,52.9233,6.7931,1.13,89,100,3.47,NL,1739330875
343,banda aceh,5.5577,95.3222,28.55,71,18,4.84,ID,1739330876
344,zyryanskoye,56.8306,86.6258,-8.7,86,100,7.16,RU,1739330877
345,la grande,45.3246,-118.0877,-14.31,98,4,2.01,US,1739330878
346,rio preto da eva,-2.6994,-59.6997,22.73,100,100,0.62,BR,1739330879
347,kapuskasing,49.4169,-82.4331,-18.0,65,100,2.06,CA,1739330881
348,northam,51.0333,-4.2167,3.78,82,55,1.34,GB,1739330882
349,alotau,-10.3069,150.4462,32.73,56,76,5.05,PG,1739330883
350,kegen,43.0197,79.2203,-17.37,81,2,2.08,KZ,1739330884
351,springfield,37.2153,-93.2982,-0.44,93,100,3.6,US,1739330781
352,zagora,30.3484,-5.8365,11.52,31,100,1.21,MA,1739330886
353,timmins,48.4669,-81.3331,-21.1,77,100,1.54,CA,1739330822
354,sarkand,45.41,79.9186,-6.69,70,2,2.23,KZ,1739330888
355,gebeit,21.0667,36.3167,12.37,83,1,2.5,SD,1739330889
356,tabuk,17.4189,121.4443,22.4,98,100,2.01,PH,1739330891
357,orange beach,30.2944,-87.5736,21.91,97,100,4.12,US,1739330892
358,luanda,-8.8368,13.2343,26.18,84,100,3.22,AO,1739330816
359,nhamunda,-2.1861,-56.7131,23.51,98,100,0.9,BR,1739330894
360,inhambane,-23.865,35.3833,25.04,85,63,5.68,MZ,1739330895
361,callao,-12.0667,-77.15,27.07,83,0,5.66,PE,1739330611
362,pitimbu,-7.4706,-34.8086,26.58,75,77,5.76,BR,1739330897
363,chauk,20.8833,94.8167,23.86,25,0,2.07,MM,1739330898
364,murghob,38.1702,73.9667,-21.1,98,100,0.69,TJ,1739330899
365,visby,57.6409,18.296,-1.88,80,100,3.09,SE,1739330900
366,canutama,-6.5339,-64.3831,23.04,98,100,0.7,BR,1739330903
367,beloyarskiy,63.7119,66.6722,-3.75,91,100,5.87,RU,1739330904
368,srikakulam,18.3,83.9,24.96,63,6,1.97,IN,1739330688
369,gordonvale,-17.0936,145.7842,28.38,63,100,0.97,AU,1739330906
370,arkhangel'sk,64.5401,40.5433,-0.94,93,100,8.0,RU,1739330907
371,ponta delgada,37.7333,-25.6667,18.44,94,75,7.72,PT,1739330707
372,miyaly,48.8844,53.7836,-11.36,95,22,2.62,KZ,1739330909
373,sitka,57.0531,-135.33,-0.06,59,0,2.06,US,1739330911
374,bardai,11.65,7.2333,18.78,20,4,4.97,NG,1739330912
375,fort bragg,35.139,-79.006,2.91,94,100,4.12,US,1739330913
376,deqen,29.9618,90.7188,-1.57,11,0,1.81,CN,1739330914
377,xinyuan,37.3,99.0,-10.41,13,33,4.45,CN,1739330915
378,yonggang-up,38.8561,125.4244,0.33,99,100,2.45,KP,1739330916
379,hithadhoo,-0.6,73.0833,28.07,65,77,4.43,MV,1739330917
380,kot malik barkhurdar,30.1944,66.993,4.55,41,1,1.46,PK,1739330918
381,seryshevo,51.0933,128.3786,-16.72,91,100,2.6,RU,1739330920
382,ternate,0.8,127.4,28.52,73,91,1.96,ID,1739330921
383,vallenar,-28.5708,-70.7581,19.77,68,0,1.29,CL,1739330791
384,pangkalanbuun,-2.6833,111.6167,29.09,65,100,1.59,ID,1739330923
385,mana,5.6592,-53.7767,24.46,91,99,5.7,GF,1739330924
386,fuglafjordur,62.244,-6.814,5.31,76,7,7.92,FO,1739330925
387,cedar city,37.6775,-113.0619,-3.67,55,20,3.6,US,1739330926
388,wanning,18.8003,110.3967,21.41,93,100,3.26,CN,1739330927
389,henderson,36.0397,-114.9819,12.69,9,0,10.29,US,1739330869
390,kralendijk,12.15,-68.2667,25.99,78,20,6.69,BQ,1739330931
391,monchegorsk,67.9397,32.8739,-2.88,81,18,10.23,RU,1739330932
392,taltal,-25.4,-70.4833,20.54,87,67,0.83,CL,1739330934
393,palikir - national government center,6.9248,158.1611,29.47,79,100,5.66,FM,1739330935
394,qui nhon,13.7667,109.2333,23.25,84,100,2.97,VN,1739330936
395,abbeville,50.1,1.8333,3.6,84,99,0.62,FR,1739330937
396,kingscliff,-28.2667,153.5667,28.89,65,31,5.14,AU,1739330938
397,sarmiento,-45.5882,-69.07,14.47,45,6,6.3,AR,1739330793
398,yuzhno-kurilsk,44.0306,145.8556,-0.74,67,54,4.79,RU,1739330940
399,makushino,55.2103,67.2442,-11.42,90,88,5.88,RU,1739330942
400,vrangel',42.7297,133.0839,-1.43,95,100,2.12,RU,1739330943
401,merizo village,13.2658,144.6691,30.31,78,17,8.87,GU,1739330944
402,nagqu,31.5,92.0,-6.37,21,36,2.99,CN,1739330945
403,gulf shores,30.246,-87.7008,21.91,97,100,4.12,US,1739330946
404,bijie,27.3125,105.2942,2.12,98,100,2.44,CN,1739330947
405,mangrol,21.1167,70.1167,20.12,80,0,4.34,IN,1739330948
406,coxen hole,16.3244,-86.5366,26.6,89,20,10.29,HN,1739330950
407,saint-francois,46.4154,3.9054,7.58,89,100,0.0,FR,1739330951
408,aral,40.5156,81.2636,-2.67,34,0,1.36,CN,1739330953
409,azul,-36.777,-59.8585,15.96,65,0,5.97,AR,1739330771
410,vikulovo,56.8167,70.6107,-7.98,92,100,5.97,RU,1739330955
411,kavalerovo,44.2661,135.0572,0.05,63,100,4.96,RU,1739330956
412,coahuayana de hidalgo,18.7,-103.6583,21.15,81,31,0.85,MX,1739330957
413,paramonga,-10.6667,-77.8333,23.84,79,100,1.84,PE,1739330958
414,onega,63.9061,38.1404,-3.65,92,67,5.88,RU,1739330959
415,nouadhibou,20.931,-17.0347,17.99,52,100,9.26,MR,1739330961
416,kifri,34.6959,44.9661,8.84,47,0,3.32,IQ,1739330962
417,sooke,48.3746,-123.7276,0.87,70,0,4.63,CA,1739330963
418,cidade velha,14.9167,-23.6167,20.26,73,20,5.66,CV,1739330964
419,smithers,54.7804,-127.1743,-14.82,78,0,1.03,CA,1739330965
420,notse,6.95,1.1667,27.15,80,86,2.94,TG,1739330966
421,jeddah,21.5169,39.2192,23.92,57,75,4.63,SA,1739330967
422,wakkanai,45.4094,141.6739,1.99,64,75,11.32,JP,1739330968
423,uttaradit,17.6667,100.5,31.43,27,5,0.89,TH,1739330896
424,sant'antioco,39.0664,8.4522,12.09,92,9,4.08,IT,1739330970
425,geraldton,-28.7667,114.6,26.23,31,0,9.77,AU,1739330972
426,masumbwe,-3.6333,32.1833,18.49,89,100,1.62,TZ,1739330973
427,nabire,-3.3667,135.4833,25.61,93,100,2.76,ID,1739330974
428,alofi,-19.0595,-169.9187,29.94,74,20,4.12,NU,1739330975
429,saint-philippe,-21.3585,55.7679,27.05,78,39,1.62,RE,1739330977
430,malabar,-33.9667,151.25,28.98,65,40,4.63,AU,1739330978
431,medicine hat,50.0501,-110.6683,-21.76,77,0,2.57,CA,1739330825
432,bayanhongor,46.7167,100.1167,-24.05,81,10,0.31,MN,1739330981
433,chelmsford,51.7357,0.4696,4.19,96,100,2.31,GB,1739330982
434,duba,27.3513,35.6901,16.71,35,0,4.78,SA,1739330984
435,greymouth,-42.4667,171.2,20.85,63,43,3.07,NZ,1739330985
436,labytnangi,66.6572,66.4183,-11.13,91,99,6.34,RU,1739330986
437,mogocha,53.7333,119.7667,-16.46,73,13,1.14,RU,1739330987
438,arish,31.1316,33.7984,12.48,69,1,5.1,EG,1739330989
439,kashgar,39.4547,75.9797,-2.44,43,40,2.0,CN,1739330990
440,barcelos,41.5388,-8.6151,9.73,93,81,1.03,PT,1739330991
441,huron,41.1501,-82.5499,-3.38,80,100,4.96,US,1739330992
442,meadow lakes,61.6247,-149.6011,-4.84,67,0,0.0,US,1739330994
443,alesund,62.4723,6.1549,2.09,74,0,2.06,NO,1739330837
444,great falls,47.5002,-111.3008,-15.75,84,100,3.6,US,1739330996
445,noumea,-22.2763,166.4572,30.57,99,69,9.25,NC,1739330997
446,aripuana,-9.1667,-60.6333,22.2,98,98,0.87,BR,1739330998
447,east london,-33.0153,27.9116,19.53,82,13,6.31,ZA,1739330999
448,anatuya,-28.4606,-62.8347,32.35,27,61,3.69,AR,1739331000
449,minas de marcona,-15.2119,-75.1103,19.35,82,88,1.6,PE,1739331001
450,lubang,13.8584,120.124,27.2,82,77,11.33,PH,1739331002
451,sibolga,1.7427,98.7792,30.08,64,80,1.46,ID,1739331003
452,alice springs,-23.7,133.8833,40.75,16,20,8.23,AU,1739331004
453,langepas,61.2544,75.2124,-9.02,94,100,6.12,RU,1739331006
454,port macquarie,-31.4333,152.9167,23.37,85,66,1.34,AU,1739331007
455,hotan,37.0997,79.9269,0.38,35,99,3.63,CN,1739331008
456,mili,6.0815,171.735,27.28,70,17,6.62,MH,1739331009
457,tchibanga,-2.85,11.0333,22.61,99,100,0.41,GA,1739331010
458,neyshabur,36.2133,58.7958,-2.56,70,0,0.97,IR,1739331011
459,nema,57.5067,50.5011,-10.98,93,20,4.15,RU,1739331012
460,harstad,68.799,16.5293,0.64,82,100,0.89,NO,1739331013
461,gillette,44.2911,-105.5022,-19.49,71,0,5.14,US,1739331014
462,illizi,26.4833,8.4667,12.49,25,0,2.62,DZ,1739331015
463,praia da vitoria,38.7333,-27.0667,17.14,88,40,1.87,PT,1739331017
464,xilin hot,43.9667,116.0333,-11.21,50,1,8.47,CN,1739331018
465,bandar lampung,-5.4254,105.258,31.17,57,83,2.04,ID,1739331019
466,kingston,17.997,-76.7936,26.53,65,20,9.77,JM,1739330853
467,san julian,21.0167,-102.1667,16.17,36,30,3.73,MX,1739331021
468,harper,4.375,-7.7169,26.32,89,99,3.11,LR,1739331022
469,fortaleza,-3.7227,-38.5247,28.45,78,40,5.14,BR,1739331023
470,ulaangom,49.9811,92.0667,-20.22,86,43,1.11,MN,1739331024
471,arpajon-sur-cere,44.9026,2.4581,6.23,89,0,3.09,FR,1739331025
472,ilebo,-4.3167,20.5833,22.48,91,99,0.67,CD,1739331027
473,bonaberi,4.0779,9.6759,26.29,88,100,0.31,CM,1739331028
474,desna,50.9273,30.7605,-7.13,74,87,2.19,UA,1739331029
475,mosjoen,65.836,13.1908,3.29,87,100,1.54,NO,1739331030
476,mirnyy,62.5353,113.9611,-15.59,95,100,2.78,RU,1739331031
477,myeik,12.4333,98.6,27.98,57,96,1.51,MM,1739331032
478,isangel,-19.55,169.2667,27.06,89,75,2.57,VU,1739331033
479,kapit,2.0167,112.9333,30.18,64,96,0.91,MY,1739331034
480,bengkulu,-3.8004,102.2655,29.62,64,58,2.4,ID,1739331035
481,novyy urgal,51.0736,132.5642,-17.23,81,100,0.29,RU,1739331036
482,lesnoy,57.6198,63.0784,-7.08,80,69,6.25,RU,1739331038
483,tortosa,40.8125,0.5216,11.54,94,99,0.54,ES,1739331039
484,vila velha,-20.3297,-40.2925,24.97,88,75,0.0,BR,1739331040
485,huamachuco,-7.8,-78.0667,9.68,94,100,2.02,PE,1739331041
486,ust'-uda,54.1742,103.0304,-4.23,73,100,4.83,RU,1739331042
487,bulawayo,-20.15,28.5833,18.38,97,100,4.48,ZW,1739331043
488,ginir,7.1333,40.7,14.31,78,96,0.45,ET,1739331044
489,shchukino,58.85,42.5167,-7.81,96,100,4.19,RU,1739331045
490,dryden,49.7833,-92.7503,-23.84,70,20,3.09,CA,1739331046
491,portland,45.5234,-122.6762,0.96,54,0,5.81,US,1739330860
492,sainte-catherine,46.3184,-72.5663,-11.97,63,0,3.6,CA,1739331049
493,port-gentil,-0.7193,8.7815,27.35,81,100,3.43,GA,1739331050
494,bereznik,62.8551,42.7072,-3.39,89,89,4.79,RU,1739331052
495,ashburton,-37.8626,145.0794,35.91,43,4,0.89,AU,1739331053
496,muli,2.9167,73.5667,27.67,75,64,6.36,MV,1739331054
497,nyurba,63.2842,118.3319,-16.85,97,99,1.03,RU,1739331056
498,ust-tsilma,65.441,52.1498,-2.2,96,100,4.21,RU,1739331057
499,palu,-0.8917,119.8707,32.36,61,100,2.13,ID,1739331058
500,ebolowa,2.9,11.15,20.59,98,100,0.55,CM,1739331059
501,zeya,53.75,127.2667,-15.67,81,67,1.6,RU,1739331060
502,saint-paul,-21.0096,55.2707,27.22,90,14,1.18,RE,1739331061
503,aldama,22.9167,-98.0667,22.35,94,72,2.92,MX,1739331062
504,eyl,7.9803,49.8164,24.94,67,99,7.53,SO,1739331063
505,kailua-kona,19.6406,-155.9956,26.98,63,40,3.6,US,1739331065
506,manaure,11.7751,-72.4445,25.39,68,85,6.36,CO,1739331066
507,jincheng,35.5022,112.8328,1.31,11,100,9.23,CN,1739331067
508,gargalianoi,37.0667,21.6333,7.38,89,100,3.67,GR,1739331068
509,al mindak,20.1588,41.2834,12.04,56,43,1.92,SA,1739331069
510,marotta,43.764,13.1477,9.37,83,100,1.7,IT,1739331070
511,the pas,53.8251,-101.2541,-22.99,70,75,4.63,CA,1739331071
512,hilo,19.7297,-155.09,25.85,78,20,3.09,US,1739331072
513,tan-tan,28.438,-11.1032,13.46,68,89,3.83,MA,1739331073
514,mar del plata,-38.0023,-57.5575,19.37,67,0,3.58,AR,1739331076
515,eregli,37.5133,34.0467,-2.64,74,36,0.93,TR,1739331077
516,tecate,32.5667,-116.6333,9.64,84,90,2.65,MX,1739331004
517,nova sintra,14.8667,-24.7167,20.47,75,100,11.84,CV,1739331079
518,kasungu,-13.0333,33.4833,19.44,95,100,1.08,MW,1739331080
519,oppdal,62.5943,9.6912,-7.97,56,0,1.97,NO,1739331082
520,tual,-5.6667,132.75,29.01,74,100,4.81,ID,1739331083
521,rzhev,56.2624,34.3282,-10.25,97,30,1.29,RU,1739331084
522,brookings,44.3114,-96.7984,-17.75,76,100,2.06,US,1739330810
